,pred_pelvis_tilt,pred_ankle_angle_l,pred_ankle_angle_r,pred_hip_adduction_r,pred_hip_adduction_l,subj_id,pelvis_tilt,ankle_angle_l,ankle_angle_r,hip_adduction_r,hip_adduction_l
0,17.05855,11.93313,13.10956,-4.3203716,-5.134946,s7_STSAsym,23.330209476,12.038125389000001,15.295655939,-5.614948858,-0.449893288
1,17.154867,11.241767,12.627249,-4.6169767,-5.0817556,s7_STSAsym,22.330145019,12.014311631999998,14.930202017,-5.230242971999999,-0.292779161
2,16.858715,9.91118,11.485177,-4.57301,-4.5931177,s7_STSAsym,21.220593989999998,12.03789901,15.001466299,-5.206199525,-0.123276462
3,15.906633,9.078454,11.07354,-5.247164,-4.960524,s7_STSAsym,19.196629895,12.248143908,15.189811522000003,-5.400963361,0.045154482999999995
4,7.2094955,10.112142,11.981165,-4.7471776,-5.306956,s7_STSAsym,15.27840052,12.028617656,15.468125206000002,-5.575695828,0.8177406470000002
5,5.554046,11.22746,12.797539,-4.441706,-5.039313,s7_STSAsym,9.535352284,11.837832432999999,15.861401437000001,-4.45724892,0.6081371630000001
6,0.47710747,15.485022,16.421806,-3.2483096,-4.8074675,s7_STSAsym,0.738279111,13.964787253999997,17.237016476,-2.334663914,-2.111724775
7,-9.669239,19.10308,20.184689,-2.2480483,-5.653999,s7_STSAsym,-8.277508023,17.301992910000003,19.459026341999998,-0.7030471110000001,-4.4933326739999995
8,-8.816579,15.584329,16.48028,-1.577254,-5.425751,s7_STSAsym,-13.749583605999998,19.125759812000002,21.232876645999998,0.389397564,-5.203834474
9,-4.246454,8.891324,10.454379,-1.1576805,-4.2286186,s7_STSAsym,-16.626486592,17.148519927999995,20.381135649999997,-0.039321851,-5.62206009
10,-1.9107541,4.904945,7.0830674,-1.131732,-4.3643017,s7_STSAsym,-15.575968217000002,11.343287370999999,15.087745378999998,1.414872453,-6.507919673999998
11,-0.6232107,3.6934738,5.8393936,-1.0688673,-4.3133082,s7_STSAsym,-11.549033314999999,4.571732282,7.769002714000001,3.78327502,-8.093398685
12,-0.8631899,3.504843,5.6983404,-1.1785645,-4.1311235,s7_STSAsym,-7.230904196,0.543542454,3.0438730739999995,5.102086112,-9.695338838
13,-0.75365525,3.5667412,5.6978936,-1.1527624,-4.1087966,s7_STSAsym,-3.353946755,0.8595629450000001,3.894849907999999,5.002881822000001,-10.159885797
14,-0.6478061,3.9664025,6.1647925,-1.1810108,-4.152783,s7_STSAsym,-0.695813474,1.818528287,4.714900244000001,5.232316511,-10.449398285
15,-1.2617701,3.8442345,6.0097976,-1.2143786,-4.0180845,s7_STSAsym,-0.0022256429999999994,2.795530218,5.163220946,5.669395376,-11.020489622
16,-1.5135937,4.1592984,6.270935,-1.1866479,-3.8163764,s7_STSAsym,-0.030542481,3.0695484980000005,5.1580983289999995,5.732367169,-11.064363838
17,-3.9887478,8.059172,9.527087,-1.5893459,-3.994382,s7_STSAsym,-0.32439781100000004,3.0212020799999997,5.191752579,5.312450136,-10.603536799
18,-12.690701,11.814131,12.732088,-2.7643247,-4.443849,s7_STSAsym,-3.3065608269999998,2.461065157,4.159137381,4.934757803000001,-9.801455521
19,-13.693009,15.691515,16.740185,-2.9794073,-4.9452424,s7_STSAsym,-10.417765175,3.28731807,4.882122323,3.802773205,-7.894087374
20,-11.592831,15.906382,16.957714,-3.1623867,-4.637686,s7_STSAsym,-18.986711633000002,7.404981431,8.950953633000001,2.421720975,-6.800642890000001
21,-7.567747,16.812239,17.64641,-3.3300726,-4.946521,s7_STSAsym,-23.247420081999998,13.508323031999998,14.978581444,0.31672528499999997,-5.9375162779999995
22,-6.271471,14.620805,16.201681,-4.0986633,-4.9510303,s7_STSAsym,-22.493954909,17.968534572,19.614626456000003,-1.2952336169999998,-5.124545658
23,0.64520127,13.86885,14.907731,-3.8344986,-4.9234595,s7_STSAsym,-17.978096139,19.81548631,22.230113815,-2.73757917,-3.769171275
24,-2.7669811,14.335065,15.790775,-3.4867527,-5.284674,s7_STSAsym,-11.289232847000001,19.230612603000004,22.271528884,-3.3208687429999997,-2.3168689779999996
25,6.04268,13.604874,14.575902,-3.5863879,-4.8361616,s7_STSAsym,-4.169113921,17.249097139000003,20.918535243,-3.3574895820000004,-1.81154805
26,11.585407,12.005291,12.950599,-3.653138,-4.550367,s7_STSAsym,0.721697148,15.34097894,18.648919455,-2.758911254,-2.504279734
27,12.570077,11.390571,12.372671,-3.9300342,-4.644277,s7_STSAsym,5.7068744680000005,14.096805987,17.131859103,-3.268170724,-1.2832861420000001
28,7.22111,12.098243,13.306484,-3.992755,-4.844511,s7_STSAsym,8.212168247,12.732582906,16.703867531999997,-3.9759781779999996,0.09727778
29,5.2217493,11.53852,13.037237,-4.1854477,-4.6566315,s7_STSAsym,9.071099215999999,12.781425585,16.670093565,-3.591127886,-0.569901282
30,2.9002225,13.210971,14.45392,-4.6784563,-5.5785146,s7_STSAsym,7.1557950980000005,13.480720628999999,17.223448145,-3.553226389,-1.232040053
31,-6.578858,16.462622,17.839064,-4.2912846,-5.884558,s7_STSAsym,2.10014683,14.967175587,19.011321846999998,-3.7133674049999996,-1.325139537
32,-6.619732,16.822659,17.556501,-3.3554578,-4.816957,s7_STSAsym,-6.512572695,17.173887051999998,19.878215965,-2.565735554,-2.758074909
33,-12.648992,17.404425,18.22278,-2.8574271,-4.6588793,s7_STSAsym,-13.668077031000001,20.123678721,21.435492504000003,-1.018919237,-4.118936669999999
34,-11.432418,13.979634,14.67211,-3.0007584,-4.493606,s7_STSAsym,-16.725772692,21.467625622,22.68460288,-0.8357748839999999,-3.1562783859999994
35,-5.792462,7.4256587,8.508518,-2.0069184,-3.4623156,s7_STSAsym,-18.518812992,19.37410354,20.197042694,0.229210605,-3.9131296320000004
36,-2.7520316,4.038463,5.8009133,-1.3143004,-3.4398477,s7_STSAsym,-16.815938532999997,14.985301369999998,14.919357780999999,2.005488403,-6.349064601
37,-1.8570213,3.4933224,5.394197,-1.3933499,-3.535489,s7_STSAsym,-12.665415607,9.771265291999999,8.833425416,4.265289929,-9.329095032000001
38,-1.571372,3.2764175,5.21516,-1.3853531,-3.4912074,s7_STSAsym,-7.949895778000001,5.731731303,5.038385769,5.553975445000001,-10.859978816
39,-1.2208195,3.6656795,5.595266,-1.3478768,-3.5218823,s7_STSAsym,-3.885948665,6.251869574,4.663980712,6.243283604999999,-11.802020113000001
40,-1.2612998,3.8995457,5.8374333,-1.3423139,-3.5817845,s7_STSAsym,-1.818843962,7.728770251,5.174438983,7.174139719,-12.740647409000001
41,-1.1211689,3.5408254,5.4399543,-1.3291178,-3.512418,s7_STSAsym,-1.9988016659999999,7.907826693999999,4.935963955,7.518986947,-13.088699531999998
42,-1.4388354,3.6229043,5.456923,-1.2171507,-3.4942136,s7_STSAsym,-2.261990074,7.575639583,4.948283728999999,7.294592432,-12.879127978
43,-1.8011655,3.966386,5.7626815,-1.1922821,-3.5541127,s7_STSAsym,-2.3618617740000003,7.128564434,4.92764806,6.811020812000001,-12.329550877
44,-2.3983154,5.2354145,6.982549,-1.4524108,-3.7564304,s7_STSAsym,-2.921496297,6.437911862,4.206858674,6.514902148,-12.007687366999999
45,-5.029607,10.62965,11.475692,-2.1586812,-4.0848355,s7_STSAsym,-4.302760252000001,5.527488995,3.6228699649999996,6.195299373999999,-11.541492541
46,-15.731323,15.230911,16.530092,-3.6969728,-5.3253584,s7_STSAsym,-8.219491104,5.227082274,4.398898466,5.197650154,-9.923706815
47,-13.658654,15.726931,16.786644,-2.9231372,-4.135047,s7_STSAsym,-14.641710799999998,8.212285038000001,8.758397924,3.1981914160000002,-7.3438957590000005
48,-8.780682,16.404976,17.30136,-3.2453792,-4.6581054,s7_STSAsym,-20.864144855,14.044031215999999,15.268711966000001,1.535214703,-6.605115764
49,-7.7955546,15.527635,16.864038,-3.5602715,-4.4529753,s7_STSAsym,-21.864479488999997,18.077619377,19.217448727,0.245705004,-5.843190151
50,-0.5217152,14.204811,15.324948,-3.6188223,-4.6550293,s7_STSAsym,-20.620414395,19.871776050999998,20.614495056,-0.43169979100000005,-5.414958953
51,-0.63981706,14.198476,15.472706,-3.4409893,-4.846618,s7_STSAsym,-16.823334429,19.974287743999998,20.523122142,-0.169403217,-4.9098385879999995
52,5.0701275,14.565386,15.699537,-3.746122,-4.954779,s7_STSAsym,-8.966193317,19.039543445,19.723497521,-0.181703668,-3.718290058
53,15.348121,12.424554,13.508841,-4.118565,-4.853721,s7_STSAsym,-1.803154339,17.497203005,18.851709570000004,-1.3910377559999998,-2.9687815719999997
54,15.674203,11.996073,13.099123,-4.0752735,-4.8941717,s7_STSAsym,2.638687729,16.382148955,17.848746934,-2.052351317,-2.675108745
55,15.472522,11.790834,12.835482,-4.042947,-4.947367,s7_STSAsym,7.1799662269999995,15.887414898,17.447865864,-2.508582268,-1.8044806709999999
56,10.993658,12.172168,13.305416,-3.824145,-4.7850976,s7_STSAsym,8.859208275,15.144717019999998,17.375183987999996,-3.1222143559999997,-1.171271048
57,2.0936723,13.512093,14.8220005,-3.790842,-4.9381576,s7_STSAsym,9.256651138,14.686078154,17.791025217999998,-3.5956729189999996,-0.91795419
58,1.1871704,15.54956,16.38401,-3.9202404,-5.021341,s7_STSAsym,7.559783950000001,14.965028992999999,18.205603128,-3.6900318249999997,-1.0202685439999999
59,-5.470667,17.372982,18.192724,-3.4885042,-5.337113,s7_STSAsym,2.6895066510000003,15.838875581,19.109631082,-3.73865274,-1.0769250209999999
60,-9.390971,17.009262,17.704035,-3.2246451,-5.0998125,s7_STSAsym,-5.222798408,18.07315309,19.749386562,-2.5115722910000002,-2.97344593
61,-15.2067175,16.269165,17.338741,-2.641674,-5.546113,s7_STSAsym,-10.457104413,20.055030339,19.398270993,-0.179332705,-2.42711486
62,-5.58504,9.724623,10.681033,-1.9962828,-3.8718126,s7_STSAsym,-13.71192039,20.201731929,19.454248442,0.140692298,-2.8412639220000004
63,-4.1679077,6.7207556,8.607252,-1.4823139,-4.126245,s7_STSAsym,-13.916434219,16.771852619999997,16.722160199,1.4477941769999998,-4.885663468
64,-3.3156037,5.588938,7.4897213,-0.9588608,-4.459369,s7_STSAsym,-11.030681320000001,10.601248967,9.947201712,4.392547866,-7.829911607
65,-0.7588632,5.2097416,7.031924,-0.85107774,-4.137573,s7_STSAsym,-7.950720963,5.334040719,3.6195515359999995,6.944512509000001,-10.764709223
66,-0.22889759,4.9623237,6.932255,-0.9765089,-4.1890416,s7_STSAsym,-5.5026213859999995,4.302996729,2.400343114,8.31623288,-13.048906029
67,-0.58549654,4.4082093,6.487037,-1.0494069,-4.149016,s7_STSAsym,-2.8581157839999998,5.497611645999999,4.028549678,8.671913905,-13.844200671
68,-0.16406713,4.446452,6.4280014,-1.0231634,-4.2201886,s7_STSAsym,-1.5918455059999999,5.459955063000001,3.6653760220000002,8.586103394,-13.814881644
69,0.16998385,4.366346,6.244436,-0.9301318,-4.079664,s7_STSAsym,-2.05084144,4.959557816999999,3.241559402,8.282445974999998,-13.705878356
70,-0.12878619,4.6056414,6.4560018,-0.94327515,-4.0836425,s7_STSAsym,-2.655476739,4.313922101,3.126451862,7.996026125,-13.387888899
71,-3.716051,6.3062425,8.19235,-1.1620214,-4.2708087,s7_STSAsym,-2.678482634,3.6777978139999994,3.2541358360000006,7.564426473999999,-12.844132199
72,-8.933661,12.902532,13.959783,-2.1223726,-5.117984,s7_STSAsym,-3.757476921,2.7235006220000004,2.494205613,6.857181701,-11.817512263000001
73,-13.560163,15.773282,16.936838,-2.93988,-5.8686566,s7_STSAsym,-8.307120141,2.7015063830000003,2.2846939219999998,6.314917369,-10.24861652
74,-12.25,16.30978,17.434399,-2.8234744,-5.501047,s7_STSAsym,-14.463777904,6.589145286,6.480872153999999,5.690951992,-8.950075515
75,-6.1404595,17.01929,17.856838,-3.5372574,-5.6254115,s7_STSAsym,-18.787533427,12.610892326000002,13.417084885,3.8096800330000002,-8.053909713
76,-0.90124285,14.1454735,15.370887,-3.605344,-4.6350007,s7_STSAsym,-18.786908517,17.857474056,17.401459258,3.6465365219999994,-8.110523861
77,1.704798,13.89645,15.292708,-4.0076194,-5.097058,s7_STSAsym,-15.394907368999998,20.265332043,18.702666884000003,4.085400889000001,-8.138247607
78,9.904932,12.002669,13.72007,-4.3189044,-5.405801,s7_STSAsym,-10.404608612,20.506592374,18.511657108999998,4.091194605,-8.291222151
79,18.09295,11.133049,12.73895,-4.9108815,-5.245814,s7_STSAsym,-3.958457114,19.234016368,17.783156343,3.2164608489999997,-7.400504514
80,19.657354,10.844061,12.728846,-5.256727,-5.3965077,s7_STSAsym,2.1202287350000004,16.768055751,16.493695253,1.5788852199999999,-5.122825869000001
81,19.21555,11.437857,13.2360935,-5.0824285,-5.6048,s7_STSAsym,8.391204417999997,15.20063844,15.515861151000001,0.10419554900000003,-3.3412078010000004
82,18.480608,11.11649,12.788778,-4.9137974,-5.4903865,s7_STSAsym,12.823461466000001,13.660838426000002,15.431923008999998,-2.03360548,-1.615726729
83,17.520403,10.858845,12.568794,-4.714483,-5.269936,s7_STSAsym,14.765048905999999,12.783738687,15.103163187000002,-2.395084735,-1.687852123
84,17.084963,10.249501,11.693104,-4.74947,-4.7421446,s7_STSAsym,15.131153369,12.823757242000003,15.438267245,-2.568447491,-1.7292213029999999
85,6.148363,11.60243,13.075879,-3.8832083,-4.38812,s7_STSAsym,13.0013565,13.001916762000002,15.547765665,-2.352286986,-1.7792846989999997
86,1.7860055,15.081988,15.977966,-3.6076827,-4.727855,s7_STSAsym,8.271228829,13.762397701000001,16.352658347000002,-2.221596436,-1.7818874399999998
87,-7.331812,17.913052,18.964941,-3.2209537,-5.288193,s7_STSAsym,-0.41802084300000003,15.751445979,16.799785844000002,-0.3207851190000001,-3.4639292930000005
88,-10.012779,19.42412,20.045351,-2.48489,-5.8065743,s7_STSAsym,-9.269197591,18.998323015,17.273006588999998,4.475730522,-7.926952585999999
89,-8.276742,15.641879,16.396343,-2.0464149,-5.216637,s7_STSAsym,-13.44295459,21.724141098,19.879027324000003,3.9022579549999996,-7.8948583999999995
90,-3.4265957,7.358624,9.188273,-1.0907451,-3.8451838,s7_STSAsym,-15.839549211,21.010576226999998,20.130035217,3.5666045570000002,-7.088224455
91,-1.9898994,3.6401296,5.8916473,-1.0251613,-4.167613,s7_STSAsym,-14.72601588,16.374455771999997,16.096327753,4.72239439,-8.825764482
92,-1.2095287,2.9494314,5.278975,-1.1034211,-4.1442857,s7_STSAsym,-10.298473338,9.272027858,9.816678360000001,6.553230617,-10.480554033999999
93,-0.7621003,3.1200604,5.4727716,-1.1737063,-4.1528025,s7_STSAsym,-5.531290565000001,3.9034264559999996,6.199114042000001,7.418855354,-12.025827373000002
94,-0.5108569,3.1251006,5.354089,-1.1516076,-4.102857,s7_STSAsym,-1.522601783,4.533791120000001,5.781725865,8.044238257,-13.474138076
95,-0.46014223,3.1936555,5.368867,-1.0861971,-4.0381017,s7_STSAsym,0.91529306,5.285437975,5.610486804,8.696135066,-14.130416857
96,-0.24660592,3.1779401,5.2590246,-1.027403,-3.9803598,s7_STSAsym,0.8027742139999999,5.462730291000001,5.1439611339999995,8.696547175,-14.297665873
97,-0.05642624,3.258379,5.370689,-1.0650222,-3.9262297,s7_STSAsym,0.532586033,5.1693109150000005,5.157683826,8.484180423,-13.998188612000002
98,-0.594966,3.6083858,5.628568,-1.0284314,-3.8155875,s7_STSAsym,0.25564647900000004,4.9455921599999995,4.918251687,8.346387171,-13.879768982000002
99,-2.8575115,5.617419,7.5212026,-1.2216861,-4.0319705,s7_STSAsym,-0.12382371500000003,4.47777286,4.514252109999999,8.12602484,-13.604791133
100,-8.189321,11.036555,12.328304,-1.8647664,-4.409023,s7_STSAsym,-1.4773112210000001,3.791495499,3.767551254,7.8874073639999995,-13.173155797000001
101,-13.353298,16.384495,17.555077,-3.2837195,-6.254544,s7_STSAsym,-5.9361702890000005,2.938837433,3.6284256790000002,6.740492666,-11.305646812
102,-14.981517,16.368542,17.431486,-3.0700738,-5.0641336,s7_STSAsym,-13.401391323000002,5.06348578,6.067979351,4.7927994080000005,-8.430610802
103,-7.7139482,16.468294,17.42309,-3.3501291,-4.9622545,s7_STSAsym,-19.605525716,11.614333506000001,12.175360604999998,2.593959858,-7.415554147
104,-6.8478355,16.724651,17.938465,-3.716401,-5.504715,s7_STSAsym,-19.931050512,17.332620248,17.632477923000003,1.321488924,-7.039548420999999
105,-3.1622887,15.164649,16.48688,-3.6001606,-5.2292867,s7_STSAsym,-16.572974694,19.681720078,19.644609941,1.1682907609999997,-6.600701411
106,-0.058600675,14.453795,16.28116,-3.8962393,-5.8935165,s7_STSAsym,-11.110783179,19.739988599000004,19.889305521000004,0.973403161,-5.602292235
107,10.831746,12.63375,14.156145,-4.332007,-5.3447967,s7_STSAsym,-3.5711449760000002,18.480342411,19.307392447,0.15365028499999997,-4.519309325
108,13.804662,11.769866,13.242818,-4.658964,-5.367826,s7_STSAsym,3.0363537689999993,16.637161443000004,18.035700349000003,-1.4020630090000001,-4.013011348
109,15.475562,11.433673,12.663819,-4.381204,-4.9113026,s7_STSAsym,7.085236267000001,15.152013297000002,16.939604193,-1.7500401069999998,-3.8291681209999995
110,10.618187,12.103578,13.531381,-4.5295396,-5.095425,s7_STSAsym,9.728505303,14.304888850000001,16.427509149,-2.381724908,-2.7686564710000003
111,-0.046717476,13.967853,15.218555,-3.2691262,-4.641625,s7_STSAsym,9.080027109000001,14.348935462999998,16.66057165,-2.4613949469999996,-2.366584202
112,-7.2265506,17.353226,18.476107,-3.6042943,-5.1060004,s7_STSAsym,5.89488281,15.058409472,17.385920428,-2.326577071,-2.41105496
113,-8.826404,17.762835,18.480856,-2.7921152,-4.4268236,s7_STSAsym,-1.9924644799999995,16.979146711000002,19.155995981,-1.697472127,-3.3812225490000003
114,-12.623964,16.860138,17.719318,-2.7650192,-4.6736207,s7_STSAsym,-10.511361227999998,20.390291479000002,20.33973821,0.606429912,-5.877057334
115,-8.545611,10.832056,12.100721,-2.1096413,-4.0390744,s7_STSAsym,-14.329237269,22.228723741999996,21.43544644,1.682064831,-6.076011874000001
116,-3.2694802,5.4431653,7.3091736,-1.3678324,-3.7890913,s7_STSAsym,-15.463822454,19.545094887000005,18.888820868000003,2.570880412,-6.570500234000001
117,-1.656023,3.9073908,5.973562,-1.1594728,-3.783851,s7_STSAsym,-13.065323781,13.311477832,11.999490897000001,5.4930960970000005,-9.77451709
118,-1.4979008,4.093112,6.1324,-1.1357173,-3.7568955,s7_STSAsym,-8.049530416,5.821317587,4.077389855000001,7.61612063,-11.819457896
119,-1.3817791,4.0442853,6.0613794,-1.167043,-3.799206,s7_STSAsym,-3.354830229,3.0731679389999997,2.801540662,6.838492947000001,-11.954028632
120,-1.3175833,3.8394246,5.865791,-1.1673995,-3.7539048,s7_STSAsym,-0.04641780799999999,5.3484298919999995,4.0190218600000005,7.0348493649999995,-12.525433531000001
121,-1.6067673,3.7967126,5.887124,-1.1603117,-3.7736092,s7_STSAsym,0.9347842140000001,5.968495982,4.666732371,7.326967304999999,-12.842787271999999
122,-1.8200488,3.95786,6.08372,-1.1930704,-3.7706409,s7_STSAsym,0.262495091,5.547856406999999,4.685211083,7.126170962000001,-12.612278781
123,-1.6310619,4.2708154,6.151115,-1.2034861,-3.7294328,s7_STSAsym,-0.11664565499999999,5.5312182089999995,4.66198829,7.327490940999999,-12.907041687
124,-5.5474987,6.394633,7.945336,-1.1582224,-3.6093538,s7_STSAsym,-0.538435485,5.002939898999999,4.134969992,7.528192414,-12.975595881999999
125,-11.012661,13.283938,14.209423,-2.4469316,-5.381569,s7_STSAsym,-3.0582762800000003,4.159267481999999,3.1121781719999997,7.490853756999999,-12.706607675999999
126,-14.388132,14.610537,15.751459,-3.3771145,-5.496739,s7_STSAsym,-9.523816409000002,3.5278830030000004,2.4255554420000003,6.861245328999999,-11.389902306
127,-12.553707,15.180103,16.293644,-2.6831017,-4.457133,s7_STSAsym,-17.531560632,6.278054734,5.094256981,5.9428766689999994,-10.380509647
128,-7.0326805,15.8737,17.181719,-3.070877,-5.101996,s7_STSAsym,-21.540258763000004,10.832985899,10.7099029,2.796505442,-8.178280783999998
129,1.6896516,13.083373,14.294277,-3.9126,-4.9207783,s7_STSAsym,-20.897908821999998,14.208782889,15.112085238,0.9706826959999999,-5.952353222
130,9.49521,11.047408,12.810639,-4.7360797,-5.354242,s7_STSAsym,-17.101762896,16.280814623,17.978921902,0.798811084,-6.062032842000001
131,16.62733,10.426009,12.126627,-4.588651,-4.8507934,s7_STSAsym,-9.224161474,16.435336606,18.356014711,0.9491738470000002,-5.9300650169999995
132,17.59289,10.624196,12.433889,-5.295251,-5.847782,s7_STSAsym,-0.34475954200000003,14.960290208,16.780380531,-0.072851869,-5.551340141999999
133,18.332687,11.247676,12.871388,-4.826465,-5.6625547,s7_STSAsym,4.476907076000001,12.750997770999998,14.147792670000001,-0.216920146,-5.955862162
134,18.783243,10.129362,12.272799,-5.156138,-5.5409727,s7_STSAsym,11.122862371,11.443787272,12.4156751,-1.398892134,-4.504324388
135,18.822954,10.490064,12.50621,-5.026771,-5.518238,s7_STSAsym,15.048141259000001,11.10003726,11.881830596999999,-2.3664947830000003,-3.8777815040000005
136,18.644726,10.626944,12.560111,-4.9324565,-5.579209,s7_STSAsym,16.858400999,10.626283701,11.613341512999998,-3.005014086,-3.230495363
137,22.464413,6.558599,9.85466,-7.3857493,-5.194282,s10_STSAsym,27.788354578999996,3.2380689190000007,10.790612094999998,-10.459688959000001,-2.700690676
138,22.160192,5.6031995,9.152075,-7.689512,-5.004309,s10_STSAsym,27.023363457,3.27669862,10.707668772,-9.990047380000002,-2.955063043
139,19.892675,4.9502964,8.678942,-7.7977204,-5.1709495,s10_STSAsym,25.876330110999998,3.61887226,10.794733388999997,-9.409213188999999,-3.531290906
140,16.97589,5.322683,8.65227,-7.4303517,-5.027762,s10_STSAsym,22.595817388999997,4.045967179,11.231944448999998,-9.192090881,-4.026588543
141,9.275201,5.829771,8.985963,-7.1530375,-5.7010846,s10_STSAsym,16.274118613999995,4.857265067,11.844671260000002,-9.431223925000001,-4.471603904
142,1.1237649,10.254523,13.109612,-6.694621,-6.813028,s10_STSAsym,7.239277734,7.192546065,13.373576682000001,-7.863868129000001,-6.289596857000001
143,-8.320202,13.46024,16.30087,-5.7381806,-8.098219,s10_STSAsym,-3.548019957,11.836386465,17.048814941000003,-4.9148791450000004,-10.16068982
144,-12.370244,16.578602,19.10444,-5.370917,-8.110352,s10_STSAsym,-11.847958496999999,16.560059649000003,20.436741092,-2.388016541,-13.200240803
145,-12.300932,17.8027,18.682663,-3.668406,-5.892981,s10_STSAsym,-15.416308109,20.015982501000003,22.690957023,-0.594802373,-13.100808119000002
146,-9.933267,14.854444,15.095171,-3.693709,-5.2184663,s10_STSAsym,-14.895500258999999,20.841713468000002,22.889594800999998,-0.7992972500000001,-12.390839660000001
147,-6.0299454,8.939686,8.818437,-4.202339,-4.264218,s10_STSAsym,-11.150834904000002,17.436092664,19.898388440999998,-0.88025547,-11.387831641
148,-0.9530423,5.6803346,5.6192193,-4.21102,-3.2192068,s10_STSAsym,-7.5584825449999995,10.405962625,12.84893597,-0.23298997299999996,-9.357829749
149,-1.4165971,6.0687976,6.098297,-3.7904687,-3.5892045,s10_STSAsym,-4.989679972,5.381710934999999,6.620685173,0.7329862070000001,-7.475235055000001
150,-1.590015,5.749101,5.818827,-3.8040109,-3.6443942,s10_STSAsym,-2.9303151539999996,6.792300788,6.987648338,1.9297853740000002,-8.725526841999999
151,-2.2133024,6.233241,6.236895,-3.8688965,-3.7682898,s10_STSAsym,-2.3858011279999998,6.390929458999999,6.152620065,1.761668684,-8.734010435
152,-1.7365677,6.7470236,6.6287904,-4.186074,-3.8655179,s10_STSAsym,-3.675679461,5.706303944,5.217349304,1.3459636620000002,-8.086262287
153,-5.5676627,9.786294,9.584916,-4.013487,-4.5005627,s10_STSAsym,-6.247835262,5.740478904,5.645543210000001,0.8364570050000001,-7.460108055000001
154,-8.589352,13.319243,13.346857,-3.7993538,-5.115253,s10_STSAsym,-9.071240339,7.4969075489999994,8.043260359,0.58400679,-7.3252397810000005
155,-11.534457,15.998466,16.711597,-3.7024426,-5.867124,s10_STSAsym,-13.092608012,11.290674405999999,13.219777386,0.22117477599999996,-8.619881673999998
156,-10.881646,15.685593,16.836102,-3.7944121,-5.641517,s10_STSAsym,-17.153196966,16.311026229,18.395401806000002,-0.302446387,-9.565567904
157,-15.410068,17.918045,20.141092,-5.108344,-7.9155173,s10_STSAsym,-19.064170341,19.833473938,21.596426465,0.08110342699999999,-10.372837764
158,-13.212112,16.943235,19.043507,-5.3037114,-8.330707,s10_STSAsym,-18.447396847,21.048507257,22.446154663999998,0.089060683,-11.882979499
159,-8.189769,14.299924,16.805708,-5.741946,-7.8165402,s10_STSAsym,-14.113652124999998,19.755115,20.859802756,-0.263472795,-11.345444746999998
160,1.5552323,13.2899065,15.426715,-5.7981563,-7.102142,s10_STSAsym,-7.938655655,17.196567985999998,19.153726298,-4.017615448999999,-7.566094486
161,15.642999,9.886693,12.321846,-6.695619,-5.983875,s10_STSAsym,3.836844671,15.524261674000002,16.403134572,-3.97914307,-7.88810426
162,17.132599,8.667788,12.00424,-7.432891,-6.02931,s10_STSAsym,10.833826259999999,12.885334274000002,14.678061103,-5.925242612000001,-7.0656772000000005
163,20.861307,8.361173,11.471268,-7.246911,-5.4585414,s10_STSAsym,15.779678779,11.912893261999999,12.398413238,-7.524463254,-6.656229397
164,19.917156,8.651561,11.65445,-7.19597,-5.542394,s10_STSAsym,17.164489617999998,11.416144675999998,12.342947197,-7.876907329000001,-6.733607430000001
165,13.21468,9.8927765,12.693636,-6.7762566,-5.9079504,s10_STSAsym,16.624231271999996,11.472884410999999,12.774208938,-7.129006327000001,-6.909764650999999
166,9.364726,7.7049265,10.307988,-6.5202813,-5.379869,s10_STSAsym,13.968852201999999,11.757207987000001,12.821494358999999,-6.624728458999999,-7.083875977
167,0.79511756,10.771129,13.15291,-5.982755,-6.769839,s10_STSAsym,8.132677181000002,12.271921530999998,13.316411765999998,-6.29182225,-7.5874231629999995
168,-7.5526285,14.5001335,16.874968,-5.445591,-7.6386456,s10_STSAsym,-2.5864780460000008,13.922469132,16.377436035,-5.410100958,-9.244331273
169,-12.536215,17.7881,19.096972,-4.198517,-6.2178073,s10_STSAsym,-9.966704748999998,16.54436202,19.024935884,-3.4085991089999994,-11.314484500999999
170,-13.531296,19.683496,20.415167,-3.9301746,-6.5930843,s10_STSAsym,-14.323255319999998,19.705369322000003,22.53762891,-3.5279737299999994,-9.053639186
171,-8.316627,21.000584,20.858849,-4.112917,-7.68051,s10_STSAsym,-12.403266884999997,20.827329963,22.271975622,-1.7598848960000002,-10.580275415
172,-2.4922967,14.728093,14.59743,-3.5902522,-6.686379,s10_STSAsym,-8.470445162,18.124237481,20.044326882,-1.81843723,-10.416958542999998
173,0.8869253,9.45522,9.774365,-2.712728,-5.567931,s10_STSAsym,-5.0340893,12.015443239000001,14.561094512,-0.8018124209999999,-8.826726703
174,1.290382,8.427447,8.923368,-2.6163323,-5.3043494,s10_STSAsym,-2.885389088,5.060563002,9.508289946,0.13131900800000001,-7.005764637
175,2.0926766,7.1098857,7.6302733,-2.4262247,-4.5545235,s10_STSAsym,-1.262154452,3.635356359,8.759975296,1.059058564,-7.862541551000001
176,1.6748912,6.828079,7.359344,-2.4492238,-4.3913364,s10_STSAsym,-1.210311643,3.080150536,8.163021386999999,1.0683558090000003,-8.284361857
177,1.5732297,6.668685,7.142031,-2.5318484,-4.0851903,s10_STSAsym,-2.092769738,1.7146083229999998,7.021450451,0.65341933,-7.484237914
178,0.5784921,7.470699,7.760471,-2.6725469,-4.367199,s10_STSAsym,-2.901668012,2.162813294,6.669560515000001,0.46987481299999995,-7.341443609999999
179,-3.160953,10.562219,10.500837,-2.813675,-4.9039593,s10_STSAsym,-3.6388649610000003,2.80606709,5.4477784279999995,0.195520423,-7.030697743999999
180,-6.5349073,12.835769,12.685589,-3.8707612,-5.2538934,s10_STSAsym,-6.29428797,4.883436401,5.751104531,0.537517361,-7.588776577000002
181,-9.085125,14.917218,15.159468,-3.9394035,-5.61213,s10_STSAsym,-9.823387152,7.951304668000001,9.573055548,0.16197342999999997,-8.486725261
182,-11.311881,16.567236,17.407066,-3.894888,-5.832476,s10_STSAsym,-14.213373737000001,12.685936001999998,15.953628067,-0.6950724469999999,-9.73888242
183,-8.56423,16.625175,18.233437,-5.101834,-7.3165345,s10_STSAsym,-17.190941095000003,15.949687954000002,19.452029202,-0.662131797,-11.210397992
184,-10.642421,14.046731,16.532608,-5.597131,-7.738087,s10_STSAsym,-16.888531171000004,17.104240424999997,20.784109647,0.02964622199999999,-13.05264831
185,-3.593012,15.5213175,18.164291,-6.762341,-8.840249,s10_STSAsym,-11.476538939,15.295078268000001,18.640828175999996,0.132922402,-12.757974227
186,9.630784,12.066294,14.662206,-6.924776,-7.4594793,s10_STSAsym,-1.18490077,11.082724883000001,15.342654076000002,-2.036002054,-10.720342107
187,17.548115,8.044289,11.178775,-7.3589735,-5.992907,s10_STSAsym,8.261544907000001,6.593365755000001,13.272591442000001,-4.91305256,-8.66960302
188,22.715609,7.0237346,10.397543,-7.503777,-5.2737575,s10_STSAsym,17.070489337999998,3.750568783,11.837184254,-6.494697368999999,-6.629664887
189,23.309387,6.959505,10.3668165,-7.4333243,-5.0984507,s10_STSAsym,22.100231636999997,1.139510022,10.817297019,-6.96431566,-5.598898595
190,23.483479,6.8514075,10.416943,-7.595305,-5.145672,s10_STSAsym,24.235369292,0.49864487999999996,10.061924722,-7.000493091999999,-5.91345682
191,23.795305,6.6941223,10.2012005,-7.7419915,-5.144441,s10_STSAsym,24.727138861999997,-0.17527626700000004,10.532620629,-7.609447532999999,-5.978375026999999
192,22.059752,5.9526124,9.483333,-7.7498546,-5.158117,s10_STSAsym,22.781175258999998,0.763707641,10.960276385,-8.316039816,-5.66052869
193,5.743409,9.010053,12.960014,-7.8057594,-8.068935,s10_STSAsym,18.956630742999998,1.79534722,11.419231775,-9.6268529,-4.6572915749999995
194,-2.281611,9.905853,13.596292,-7.121046,-8.429596,s10_STSAsym,12.433536311000001,2.850544082,11.688599418999999,-7.6574922139999995,-5.870930421000001
195,2.5652542,10.287936,13.281483,-7.249129,-7.42223,s10_STSAsym,0.711608733,6.907268765,12.285889652999998,0.05317913300000001,-12.042821417999999
196,-6.460181,17.643871,19.265545,-4.4077554,-6.8725004,s10_STSAsym,-8.027282909,13.395290712,15.176376534999998,5.045663208999999,-19.027906805
197,-3.4110265,19.96334,19.974993,-3.179084,-7.289672,s10_STSAsym,-10.274077177,17.622607465999998,19.612028837000004,5.455606503,-19.002952819
198,0.2596981,17.143904,16.888006,-3.2294345,-7.056301,s10_STSAsym,-9.231440117,17.868281013,19.925821108,4.652848693,-17.160447333
199,1.6949332,10.333907,10.457565,-2.4306602,-5.1604614,s10_STSAsym,-6.5187654749999995,13.794912914,16.105487828999998,2.656848952,-12.968723808000002
200,1.9027086,7.213736,7.8708973,-2.0189567,-4.2790813,s10_STSAsym,-3.934489508,8.079005197,10.590871341000001,1.974043688,-9.751882407
201,1.2504144,6.91769,7.569591,-2.208973,-3.8973749,s10_STSAsym,-2.434004322,5.145641638,7.697511784,2.0074757479999996,-8.408827157
202,0.9978903,6.4804034,7.092241,-2.3560443,-3.8211858,s10_STSAsym,-1.737739206,5.815338933,6.786118834999999,2.684056234,-9.413396844000001
203,0.6712491,6.612141,7.1977515,-2.415874,-3.8460839,s10_STSAsym,-1.8839924710000002,5.609451036,5.893540354000001,2.295378122,-9.300338185
204,-0.016343068,7.1305547,7.6730638,-2.427813,-3.9916766,s10_STSAsym,-1.730914884,5.314315351,5.7084431030000005,2.0686262070000003,-8.911312124
205,-1.4658,9.18213,9.435226,-2.5600061,-4.5691805,s10_STSAsym,-1.865152762,5.111034675000001,5.222108358,1.924156221,-8.804959769
206,-4.126083,13.338361,13.192742,-2.8605447,-5.5501523,s10_STSAsym,-3.4818649309999996,5.232959128,4.5120060340000006,2.308190914,-9.156774952
207,-9.7387295,15.30907,15.717057,-2.9022112,-5.832035,s10_STSAsym,-8.196039754999997,5.686108779,6.1852453679999995,2.2668312050000003,-9.640836148
208,-6.3807526,14.870376,15.494986,-3.5399833,-5.5228252,s10_STSAsym,-13.89959706,8.890026211,10.874612536,2.3919136959999996,-10.712648611999999
209,-4.1953936,14.382743,15.990017,-4.716877,-6.1218696,s10_STSAsym,-17.533696503999998,12.632748283999998,14.725021018000001,3.8479824959999993,-14.025288481
210,-10.098945,15.8766775,18.487963,-5.7851844,-8.684601,s10_STSAsym,-16.501800238999998,14.704064351,16.975704455000002,4.294188704000001,-16.690809839
211,-6.107346,15.962782,19.50687,-7.4855137,-10.131645,s10_STSAsym,-10.725065622,14.278002379999998,16.343027622,4.278603116,-16.760330765
212,9.006217,11.0960655,14.573134,-7.6730576,-8.070157,s10_STSAsym,0.62895284,11.913238789000001,13.806019805,2.292706521,-14.455995712999998
213,21.411589,7.3782,10.490146,-7.269443,-5.412485,s10_STSAsym,10.3206391,7.6415999029999995,12.157910957,-1.8026015270000002,-10.644478119000002
214,21.345587,5.9449167,9.728404,-7.5398984,-5.126601,s10_STSAsym,19.099999329000003,4.767680676,10.424107999999999,-3.047212287,-9.336229843000002
215,23.397665,6.7592206,10.349249,-7.3964,-4.9955583,s10_STSAsym,25.509489133,3.5551712330000003,10.466368311,-4.148620296,-8.000931148000001
216,23.150969,6.578172,10.22524,-7.474713,-5.0106735,s10_STSAsym,27.358080458,2.5390347920000003,10.096244075,-4.310129107,-7.404474394
217,23.164156,7.2050724,10.531806,-7.2614713,-5.0196376,s10_STSAsym,28.130542927,2.42471119,9.707191195000002,-4.309661749,-7.677817524
218,23.653772,6.580812,9.990255,-7.7118974,-5.0340376,s10_STSAsym,26.974315621,2.9209289949999997,9.594608153000001,-4.393839139,-7.979874658
219,19.8968,5.586124,8.870815,-7.451075,-4.7350373,s10_STSAsym,24.031721975999996,3.6688693369999994,9.42885952,-4.499203171,-8.400131706
220,11.157968,5.0296946,7.913653,-7.0620008,-5.083205,s10_STSAsym,19.233209031,4.496088032,9.199387125,-4.659455821,-8.703085552000001
221,6.1200867,8.452394,11.1933155,-7.115864,-6.6674657,s10_STSAsym,9.601863204999999,5.8241816900000005,9.892063539,-4.243896647000001,-8.814332382
222,-7.843542,16.495592,18.624102,-5.52852,-7.6789255,s10_STSAsym,-3.1320544740000003,9.927150732000001,13.326105116999997,-0.8263484030000001,-13.203389392
223,-11.528014,16.86938,18.209753,-3.3340225,-5.4744353,s10_STSAsym,-9.381442303,15.620897753999998,17.277937027,2.506191901,-15.223313043000001
224,-6.664362,22.03085,22.077433,-3.370686,-7.833792,s10_STSAsym,-10.626258862,19.019230537000002,20.29635828,3.010628937,-14.975144222999997
225,0.26963517,16.356764,16.038198,-3.02371,-6.641924,s10_STSAsym,-8.412740553999999,18.695811303,20.047078850000002,2.7678672,-14.891831755999998
226,2.8812666,8.69665,9.245134,-2.1776233,-5.1751804,s10_STSAsym,-4.840897603,13.776741465,16.402477992,1.8944517090000002,-11.967611537000002
227,3.5831861,6.0547376,6.8930144,-2.012107,-4.2826953,s10_STSAsym,-2.38681077,6.277007667,10.865193203,1.447885665,-9.659829848
228,3.036574,6.9354773,7.63031,-1.9064435,-4.6683517,s10_STSAsym,-0.5679838239999999,3.2585447740000006,7.553075256,1.8869509880000002,-9.316719776000001
229,3.1632864,6.633288,7.3704743,-2.0978749,-4.677259,s10_STSAsym,0.612930184,4.8937779479999985,7.733434143000001,3.043267351,-10.724486298
230,3.4029083,7.283978,7.887619,-2.184666,-4.8382244,s10_STSAsym,0.74708551,2.05261342,7.2425781119999995,1.5431713729999998,-9.488766734999999
231,3.2052255,8.381602,8.852553,-2.2890034,-5.0157323,s10_STSAsym,-0.44101507900000003,0.620285766,6.672586577,0.30281659,-8.220980718000002
232,-0.66364175,12.018509,11.852249,-2.2690222,-5.374113,s10_STSAsym,-1.677280226,0.627567971,6.294459459,-0.133427241,-7.566070223
233,-6.1384926,15.50896,15.606668,-2.5786407,-6.127087,s10_STSAsym,-5.131247490999999,4.28250529,8.968665523,-0.12667341,-6.883275641
234,-8.919873,16.898195,17.259186,-3.0124478,-5.9382014,s10_STSAsym,-9.66695315,8.582156864000002,14.648346375,0.5346695890000001,-9.096153831999999
235,-3.016041,13.8500185,14.643652,-3.8720014,-5.435023,s10_STSAsym,-14.430430462999999,12.754841938,18.203597963,1.7414105249999998,-12.213951261999998
236,-2.3558908,14.131423,15.70216,-4.8355894,-6.318245,s10_STSAsym,-15.193939688999999,14.011033907999998,18.525920809000002,1.5311748339999998,-13.543456674000002
237,2.1529913,13.328435,15.903723,-6.585381,-7.8801265,s10_STSAsym,-10.514475098999998,13.069172648,16.712877873,0.9031878489999998,-13.424547057000002
238,16.809301,9.620711,12.676146,-7.199289,-6.455585,s10_STSAsym,-0.5076934010000002,10.612674475,14.073330232,-0.01817539399999999,-12.116875483000001
239,22.976603,7.773376,10.847344,-7.3514853,-5.4548883,s10_STSAsym,11.543431098,4.870004822,12.010200586,-3.895328756,-8.963025894
240,24.098185,7.0593944,10.629839,-7.618309,-5.2334137,s10_STSAsym,18.372100126,-2.989780618,9.144702728999999,-6.100105001999999,-7.397768266999999
241,23.866074,5.6589093,9.901487,-7.9089108,-5.3624535,s10_STSAsym,25.00191331,-4.921146967,8.119637637,-7.489986872,-6.304078704
242,23.410223,5.428304,9.730855,-7.855349,-5.4244924,s10_STSAsym,29.117692267000002,-5.040353839,7.994450220999999,-6.911824362999999,-6.998696459
243,24.12992,5.403882,9.592787,-7.899423,-5.209433,s10_STSAsym,31.455312191999997,-4.408995,8.221704296000002,-6.365944634,-7.324528704
244,22.69655,5.1028395,9.291571,-7.711477,-5.2256904,s10_STSAsym,32.20387275,-5.727051616,7.995476616,-5.796035807,-7.3121812
245,23.193048,6.5746913,10.264202,-7.5011845,-5.2689185,s10_STSAsym,31.558034391,-5.467767085,7.779243346000001,-5.265885364,-7.472735754
246,24.183847,6.2092876,9.890614,-7.873713,-4.967405,s10_STSAsym,29.512473067000002,-3.353655871,7.8935921549999986,-5.375733031,-7.420684788
247,18.577917,6.8385825,10.211284,-7.5707664,-5.8909054,s10_STSAsym,25.521725007000004,-0.05637565199999998,7.959267435000001,-5.62096471,-7.383669838
248,5.006319,9.113222,12.244176,-7.0969253,-7.915507,s10_STSAsym,18.800711242,1.986373558,8.344210247,-6.552604582000001,-6.510452225
249,-5.245673,14.683819,17.400244,-6.2836585,-8.183142,s10_STSAsym,7.5470954169999995,4.460805971000001,9.617551206,-3.818978157000001,-8.467151230999999
250,-4.335173,17.950596,19.45505,-4.628111,-6.8482847,s10_STSAsym,-4.5264046570000005,10.615593511,11.963504421,3.2372055180000006,-16.384940605
251,-7.019725,21.183636,21.643732,-3.6718364,-7.6260624,s10_STSAsym,-7.84624038,16.648180968,17.70472865,3.524549649000001,-17.447429539
252,-0.9339332,16.482616,16.28391,-2.9949608,-6.7684407,s10_STSAsym,-7.74886906,18.691070678,19.252438369,3.544742322,-16.634699085
253,1.8919468,11.513482,11.362789,-2.6528738,-5.784639,s10_STSAsym,-5.989007753999999,15.619694831999999,16.879261097,2.5466689669999996,-14.097899039000001
254,2.3071163,7.2624345,7.8502364,-1.910071,-4.5867863,s10_STSAsym,-3.71136967,9.905410618000001,12.19635146,1.785070898,-10.884375465999998
255,2.1630082,7.377698,8.106186,-1.8154571,-4.732343,s10_STSAsym,-1.850136681,5.4511596419999995,7.7577141130000005,1.828919926,-9.001666701
256,2.0725493,7.2655597,7.9426265,-1.9809656,-4.659098,s10_STSAsym,0.05071838499999999,6.277101573,7.115654551,3.024546618,-10.238283421999999
257,1.6279919,7.4954467,8.063831,-2.1082475,-4.6362424,s10_STSAsym,0.134692108,6.282266615,6.604541643999999,2.827582067,-10.446326261
258,1.9345747,6.884942,7.589887,-2.2977853,-4.3658857,s10_STSAsym,-0.6552846750000001,5.362468275,5.228811305,2.7199765050000004,-10.025216519
259,-0.7580294,9.012903,9.31911,-2.339006,-4.8221498,s10_STSAsym,-1.946238974,4.408478848,4.420055297999999,2.526901555,-9.862699699
260,-2.3705416,13.102097,12.887942,-2.6449811,-5.376904,s10_STSAsym,-4.667488044,3.437127461,4.338149999,1.8605171860000003,-9.256300536999998
261,-10.525787,17.166092,17.799889,-3.0194416,-6.35918,s10_STSAsym,-8.769530413999998,4.692111567,7.642663066,0.616997254,-8.152005958999998
262,-4.9182863,13.111095,14.058131,-3.5815427,-5.1509385,s10_STSAsym,-15.111591192999999,9.600268523999997,12.407885365,1.4720195759999999,-10.089882974
263,-5.332795,10.962514,13.332284,-5.121609,-6.1029234,s10_STSAsym,-18.086920314000004,12.668969709999999,15.47994983,3.7554258779999996,-14.453478924
264,-3.3862166,13.391437,16.097181,-6.070603,-7.9182596,s10_STSAsym,-15.227127569999999,12.693910927000001,15.200204035000002,4.250346486,-15.744569575
265,7.3788967,9.5673275,13.440998,-7.9749894,-7.8597326,s10_STSAsym,-7.215399858999999,10.534624378,12.863769685,3.4223774579999997,-14.580994390999999
266,22.599827,6.1226554,9.672064,-7.4707227,-5.03085,s10_STSAsym,5.9571933,7.944775578999999,11.048990705,0.7206984619999999,-12.797886209000001
267,23.00966,5.7619452,9.610949,-7.452845,-4.897163,s10_STSAsym,15.592985261,3.7452629760000002,8.159742407,-2.1049177400000003,-11.659486767
268,22.692533,5.0668335,9.257849,-7.4303308,-4.950091,s10_STSAsym,23.119412292,0.462834013,6.378269234999999,-4.589561067,-9.165986377
269,23.858538,4.8035603,9.092529,-7.735328,-4.8945446,s10_STSAsym,28.602190501000003,-2.05088571,6.545598827000001,-4.583405716,-8.477769429999999
270,23.598074,4.9854293,9.090203,-7.5463033,-4.839935,s10_STSAsym,30.915972552,-3.4137911890000003,6.114735423000001,-4.0259533560000005,-8.021836908000001
271,22.611223,5.052037,9.036003,-7.4735703,-4.878713,s10_STSAsym,31.690688981000005,-2.641910799,5.836915284,-3.8664414890000005,-7.599869534
272,23.208994,5.6301847,9.43298,-7.62186,-4.8371205,s10_STSAsym,30.534432123,-1.9763898000000002,5.840025316,-4.419372405,-7.6521760730000015
273,21.823837,5.9605117,9.852356,-7.8453727,-5.3682113,s10_STSAsym,28.180293447000004,-1.044791171,6.031483883,-5.085387138,-8.199771248
274,14.371118,5.484907,6.043459,-9.387477,-5.412025,s9_STSFast,20.182197894,4.01878061,3.542872198,-11.11463024,-5.2513136750000005
275,14.294746,5.4714637,6.02731,-9.337975,-5.4089675,s9_STSFast,19.704445304,3.749918017,3.346193933,-10.983721179,-4.90435542
276,13.561487,5.8583922,6.415134,-9.29697,-5.491405,s9_STSFast,18.215756429,3.6105201960000004,3.3283823310000002,-10.594667738999998,-4.21321725
277,11.75522,6.7629037,7.3540907,-8.492258,-5.6912127,s9_STSFast,15.306141746,3.531350334,3.991709213,-10.54956033,-3.82811242
278,2.0524528,11.891707,12.556599,-6.28585,-6.743202,s9_STSFast,8.774011317,5.039181136000001,5.079978047,-10.399019986999999,-3.757256982
279,-0.9808468,15.707145,15.710822,-6.6405835,-7.1327767,s9_STSFast,-2.9643456640000005,13.124062689999999,10.038602037,-11.581295689,-3.367867395
280,-10.038306,16.634466,16.627508,-8.674955,-7.215467,s9_STSFast,-11.379649083,17.576819763000003,17.173208847,-12.437661077,-3.4770862780000003
281,-9.584868,18.783413,19.268913,-8.535624,-6.9958334,s9_STSFast,-11.539542577999999,21.065933345,21.581237188,-11.322368387000001,-2.691742811
282,-14.111816,19.175474,21.212797,-5.9295163,-7.567405,s9_STSFast,-6.966362597,21.045940924,21.524990125,-10.697113606,-4.1642957
283,-8.961183,14.897864,18.004404,-5.922285,-7.30691,s9_STSFast,-2.239731192,10.671581988,9.607450421000001,-8.73252665,-5.244862063
284,2.582386,3.3887882,6.202698,-4.7196326,-3.6028335,s9_STSFast,2.414034176,-6.174793365000001,-7.356050099000001,-5.912523396999999,-4.526496548999999
285,1.6493535,3.02133,5.6238856,-4.465181,-3.6482444,s9_STSFast,1.4406159139999999,-5.462079855000001,-7.831081806,-6.034158214,-3.959282033
286,-9.125926,13.852049,16.66546,-5.675286,-7.008125,s9_STSFast,-5.444668394,8.982562824999999,6.9556291130000005,-9.228112804,-3.9500607580000002
287,-13.639717,18.018131,19.664886,-6.077133,-6.768494,s9_STSFast,-13.602134866999998,17.308093921,15.887962940999998,-11.009671506,-2.5228724700000003
288,-11.572073,16.9247,17.59163,-7.6747227,-6.215817,s9_STSFast,-16.109712314,18.389834156,17.295914953000004,-10.141245909,-1.184574016
289,-11.203792,15.47458,15.783865,-8.038002,-6.6751213,s9_STSFast,-14.414819732000002,15.109714028000003,13.855839077999999,-10.101778271,-0.990867484
290,-8.983056,15.88128,15.909344,-8.162849,-7.17419,s9_STSFast,-7.538796358000001,11.51678209,9.647850584,-10.898839546,-1.841210391
291,-3.4510953,16.208237,16.611578,-6.9868836,-6.9246693,s9_STSFast,-1.139373314,8.991000218,7.550400792,-12.709177837999999,-2.5749862190000004
292,1.1375097,13.786283,14.291093,-7.0213656,-6.5474186,s9_STSFast,0.8532760260000002,7.913997698999999,7.183064774,-13.710286872000001,-2.378823331
293,1.3228855,13.156474,13.663613,-6.4926043,-6.094976,s9_STSFast,-0.08840273000000001,8.306349082999999,6.771489440000001,-13.572892760000002,-2.992794901000001
294,-1.8708725,16.024271,16.394283,-6.6467056,-6.3961673,s9_STSFast,-4.079912469,10.457262801000002,7.618481389,-14.298865182999998,-2.9926593240000003
295,-9.352105,17.118555,17.106024,-8.870701,-7.283878,s9_STSFast,-11.814382680000001,16.421213182,12.866660476000002,-16.028987314,-2.827210135
296,-10.917471,18.388,18.829697,-8.679726,-6.8867497,s9_STSFast,-13.788306729999999,20.22166828,18.646601776,-14.902282940000001,-1.339376059
297,-10.581665,17.318413,18.449652,-6.6732097,-5.899915,s9_STSFast,-8.455005084000002,22.703483576000004,20.769672837,-12.729340272000002,-1.7855630190000003
298,-10.465803,17.479076,20.40595,-6.9975653,-8.047735,s9_STSFast,-0.8015497329999999,18.355145614,14.400622273000002,-10.924189297999998,-3.7260982780000007
299,0.48804814,7.034566,10.108909,-5.298866,-4.548357,s9_STSFast,5.352515984,4.120022235,-1.8810699450000001,-7.586411591999999,-3.752550336
300,1.6034247,4.0294247,7.167447,-4.971209,-4.051479,s9_STSFast,6.8217265760000005,-0.4168281030000001,-6.8933778199999995,-7.4545941760000005,-2.716791236
301,-5.668829,12.033223,15.24601,-5.7991242,-6.431188,s9_STSFast,2.5255991990000006,10.930678509,6.8032329439999994,-9.057161511,-2.213181333
302,-11.2192745,16.979073,19.374529,-6.310716,-7.071093,s9_STSFast,-5.345013232,20.547407867,17.107826791999997,-11.257388539999999,-0.7347667689999999
303,-8.785862,18.297401,18.915289,-8.031052,-6.3250217,s9_STSFast,-9.169390638,20.656623148,17.392298786999998,-11.913260301,0.287623704
304,-8.232648,16.724094,16.991167,-7.6787477,-6.091058,s9_STSFast,-7.273246105,15.722052311999999,11.114699239999998,-10.33667093,0.354848862
305,-3.6570516,15.010201,15.3914995,-6.164804,-6.5976815,s9_STSFast,1.6358665209999999,10.510827561,6.851528722,-10.622260709,-0.12870583500000002
306,4.104611,11.538765,11.876597,-7.367574,-6.585109,s9_STSFast,6.6255510950000005,7.869179587,4.710157363,-11.531226932,-1.6851098580000001
307,6.0143886,9.572175,9.993769,-7.3021727,-5.870923,s9_STSFast,7.7325810499999985,7.797882278,4.526653079000001,-12.89243046,-2.596670118
308,3.6424704,10.351797,11.040958,-6.7805295,-5.968874,s9_STSFast,6.077196515,8.082791319,4.863688639,-14.258021672000002,-2.7339021669999997
309,0.5486453,14.568002,14.990011,-6.921354,-6.2302194,s9_STSFast,-0.495807151,10.537684757,5.62409042,-14.832709091999998,-1.8478810849999998
310,-6.961088,16.608492,16.918556,-7.0415444,-6.477675,s9_STSFast,-8.869999203,15.108102028000001,10.367369608999999,-16.080584839,-1.072048407
311,-8.814265,16.717253,17.501486,-6.5452557,-5.668589,s9_STSFast,-8.062071216,19.904369775,16.596204389,-13.468590037000002,-0.790296065
312,-9.448713,15.847714,18.938227,-5.2985644,-6.8340316,s9_STSFast,-0.14262580600000002,20.809648389,16.932242293999998,-11.671149108,-2.2140793089999997
313,-7.3166437,9.357608,14.5792465,-5.1272087,-6.7366705,s9_STSFast,6.8090497,11.751035059,6.231576431,-8.912794559,-3.27699013
314,-1.0608815,3.6321075,8.718459,-4.721367,-4.7640786,s9_STSFast,9.635976657,2.817738018,-3.017337416,-7.595969231,-1.5835845369999997
315,-3.5300226,6.4249983,11.252317,-4.679112,-5.3717117,s9_STSFast,5.811176879,7.533976347000001,2.5839121130000002,-8.052657402,-1.4822299329999997
316,-11.369239,15.510644,19.025702,-5.5717864,-7.1067996,s9_STSFast,-2.624839101,17.794648061,12.755529834,-10.236401541000001,-1.799598658
317,-9.180963,16.41033,17.340946,-7.0754666,-5.9099145,s9_STSFast,-7.947866166,19.807163625,16.338267437000003,-13.694429687000001,0.07663371100000002
318,-8.129699,17.120562,17.445024,-7.9374375,-6.462252,s9_STSFast,-5.502340544999999,17.366609943999997,13.893739513,-13.612612035000001,-0.489141917
319,-5.117531,16.049192,16.469667,-6.3814073,-6.7393403,s9_STSFast,1.327476436,12.877737306,7.650921278,-12.34481758,0.35412602800000004
320,0.2743162,13.45584,13.677181,-6.75565,-6.5067573,s9_STSFast,5.511146907,8.898139545,4.2545124030000006,-11.431543401,0.136851308
321,2.3070116,11.121957,11.450003,-6.9474783,-6.394424,s9_STSFast,6.2349884410000005,10.203638360999998,4.183221482,-11.904842232000002,-0.8707685130000001
322,0.15303941,13.079078,13.402349,-6.472394,-6.06533,s9_STSFast,2.630997839,13.056402166999998,4.819357265000001,-12.912937219,-1.4048278490000001
323,-7.797678,15.504902,15.648942,-6.0556035,-5.9526844,s9_STSFast,-5.954081211,18.39569894,8.473721476,-14.512945490000002,-0.46165360599999994
324,-7.7109375,17.60886,18.01488,-7.349257,-6.0508413,s9_STSFast,-8.962315917,21.849552662999997,14.626561969000003,-13.523575363,0.720011459
325,-12.534901,17.777369,19.866865,-5.3402367,-6.441772,s9_STSFast,-4.787404553,25.599500343,18.512527639,-11.971944707,-1.6360395870000002
326,-13.158025,15.333789,19.297022,-5.293748,-7.311528,s9_STSFast,1.349706776,20.622732191,13.21094522,-9.509799536,-5.427673588999999
327,-4.702114,7.8800864,12.510458,-5.014799,-5.663923,s9_STSFast,3.4616253759999998,8.559822991999999,3.690444723,-8.082836890000001,-3.4396649029999997
328,-4.168063,8.893582,12.846281,-5.366295,-6.1565433,s9_STSFast,3.110165954,6.549136031000001,2.4139349340000003,-7.6433865800000005,-1.3649049899999999
329,-12.321885,16.298023,19.695127,-6.643638,-9.246341,s9_STSFast,-0.275985535,9.486389040999999,8.665223461,-9.744594723,-0.850257028
330,-14.389468,18.343122,20.642527,-5.8154516,-7.9358764,s9_STSFast,-6.409610002000001,15.734539405000001,15.676170718,-12.690517032999997,-0.038155677
331,-9.937106,16.030214,16.685375,-7.41149,-6.379069,s9_STSFast,-8.365318382999998,17.44653815,18.14161129,-15.34277026,0.004936653999999999
332,-7.4086466,15.142615,15.3731985,-7.4032283,-6.433887,s9_STSFast,-4.075212656,15.622034269,15.929889612,-14.515824185,0.162856857
333,-7.5552645,15.360818,15.620355,-6.61553,-6.7654147,s9_STSFast,4.709722435,11.452519878,12.511065127999998,-13.727141052000002,-0.5996307850000001
334,-1.5864422,14.405744,14.897999,-6.790567,-7.3574734,s9_STSFast,10.851890775000001,6.487145626999999,7.444164061,-14.668919253000002,-1.0483587699999997
335,5.002271,10.130492,10.353032,-7.688267,-6.98607,s9_STSFast,13.820629191,5.291418435000001,7.900808807,-15.812725384999998,-1.10964679
336,4.3072586,9.365146,9.710459,-7.1546764,-6.5458803,s9_STSFast,12.512572436,5.283807219000001,8.270671684000002,-16.074090149000003,-0.77706185
337,0.4201079,12.553417,12.921443,-6.242317,-6.5064464,s9_STSFast,7.388349853999999,6.417150144,8.461971216999999,-15.636868086000002,-0.332998627
338,-3.593399,15.80676,16.040922,-6.2539396,-6.5844955,s9_STSFast,-2.4196744729999997,11.332525708,10.832366038999998,-16.003375221,-0.18079479199999998
339,-6.4273853,16.734646,17.111067,-7.6023993,-6.27543,s9_STSFast,-7.827635863,15.001861685,15.742654676,-15.75982161,0.23220594500000002
340,-10.097018,17.788967,19.705393,-5.6085353,-7.5444922,s9_STSFast,-6.062287270000001,18.718305315000002,19.101195094999998,-12.972590943,0.037305771999999994
341,-11.925536,13.276692,17.59945,-4.782456,-7.81537,s9_STSFast,0.15838418600000007,16.151224598000002,15.384746812,-11.399528827000001,-1.993302113
342,-3.7132614,2.5215669,8.595472,-3.9759402,-5.4172697,s9_STSFast,5.950342039000001,8.235609194,4.915024817,-8.049587717,-3.013814903
343,-3.3770473,0.9318643,6.995931,-3.6571,-5.214576,s9_STSFast,8.856705020000001,6.788183591000001,4.660119440000001,-6.380331826,-2.820829995
344,-3.5206108,1.712989,8.032983,-3.7896714,-5.1677527,s9_STSFast,6.933762718,13.711190705000002,12.307143018,-7.170736069,-2.622830569
345,-9.06981,9.556545,14.582296,-4.3963714,-6.938951,s9_STSFast,0.7750410539999999,19.993983187999998,18.89069901,-9.620435379999998,-1.284562731
346,-10.135928,16.490334,18.662912,-5.5881615,-6.776442,s9_STSFast,-4.722835474,20.776197755000002,19.762958281,-12.362728942999999,0.951946897
347,-6.455613,16.947079,17.968086,-6.0382557,-6.317122,s9_STSFast,-3.930677006,18.443061692000004,17.212033512999998,-11.955421990000001,0.515453707
348,1.91253,13.520617,14.287268,-7.1717267,-6.4516377,s9_STSFast,5.7106636250000005,13.044652127,12.416493831,-12.337020333999998,-0.22846021700000002
349,10.056893,6.3960667,7.0263205,-7.7150617,-5.045337,s9_STSFast,15.292196355000002,8.226186245,5.340379938,-13.128570105999998,-1.6318886119999998
350,13.491017,4.7678237,5.161688,-8.701888,-4.9902415,s9_STSFast,21.635879703,4.202889557,2.6720194850000003,-13.118609837,-1.1951919789999998
351,15.286486,3.759006,4.2769136,-8.902378,-4.682446,s9_STSFast,25.180364942999997,1.8464812529999999,0.902813621,-12.385571766000002,-0.557581559
352,16.76602,3.6939173,4.325132,-8.636276,-4.371415,s9_STSFast,26.909819311,0.6630306650000001,-0.22886518799999997,-11.613997344000001,-0.5594573949999999
353,15.452708,13.666449,14.553425,-3.4732273,-6.0648,s3_STS,9.642935406,16.142943988,13.526403177999999,-7.701815919,-7.627999391
354,14.494697,13.011094,13.879472,-3.3137102,-5.878646,s3_STS,9.421210079999998,15.892802143,13.500621884000001,-7.0649433329999995,-7.749463638
355,13.318282,13.469068,14.094773,-3.0913181,-5.9103065,s3_STS,8.141623804999998,16.048825486,13.586742257000001,-6.984001231000001,-7.55617476
356,10.834357,13.13984,13.855995,-3.0781448,-5.6457286,s3_STS,4.8798247009999995,16.428447014,14.632739474,-7.453640383,-7.553448197
357,-1.8691573,15.982141,17.114655,-3.1329143,-6.40162,s3_STS,-1.5321540800000002,17.381474011,16.09294144,-8.231452159,-7.52659211
358,-7.746349,15.3187895,16.774586,-2.9016018,-5.5160403,s3_STS,-12.404851941,18.579900886,19.101949607,-9.240138896000001,-6.577003495
359,-10.509609,13.052795,14.655485,-2.8569424,-4.1994414,s3_STS,-21.129382857999996,19.433147613,21.212654804000003,-9.30055347,-4.894348215
360,-14.690852,12.037485,13.633047,-2.8122225,-3.6413505,s3_STS,-25.164083747,20.140505493,21.900650002,-7.791596788,-4.101671002
361,-16.465347,11.64388,13.139603,-2.8458574,-4.0852027,s3_STS,-25.780718981,19.139851564999997,20.661004149,-5.976632962000001,-4.96788214
362,-12.622458,10.7916765,11.93596,-3.7301137,-4.608897,s3_STS,-21.541217994,16.189725319,16.42397271,-5.1353607519999995,-6.324054357
363,-7.4022546,5.998697,7.258986,-3.1149058,-3.488861,s3_STS,-15.558684768,10.527210010000001,9.492696652,-4.532980959,-6.561645334
364,-5.6951265,5.0219135,6.9811473,-2.108446,-4.3341346,s3_STS,-9.585065242999999,4.056142022,2.5294231999999996,-4.437182873,-5.7676337680000005
365,-5.508498,6.189316,8.142811,-1.4029584,-4.6658087,s3_STS,-3.79821756,2.3454692340000003,0.8805412300000001,-4.904973533,-5.31348295
366,-5.0909967,6.214969,8.266533,-1.6833854,-5.0074925,s3_STS,0.846424682,4.063524074999999,2.89101575,-5.093752026,-5.348533044
367,-5.257653,6.391005,8.502619,-1.6402713,-5.1302505,s3_STS,0.6144636099999999,3.9548149969999997,3.956131198999999,-4.725334547,-5.722685584
368,-5.306568,5.901564,8.0222,-1.8019005,-5.07558,s3_STS,-0.795398777,3.779499498,4.34520701,-4.384583557,-6.009076984999999
369,-5.3588414,5.4244623,7.4532704,-1.8326,-4.727569,s3_STS,-3.886841009,3.48418889,3.176514794,-4.273846831999999,-6.080372477
370,-5.1861434,4.569565,6.430128,-2.4914443,-3.7101758,s3_STS,-10.654846781999998,5.295822223,4.60285775,-4.3670301600000005,-6.255457494
371,-8.032876,7.6369653,8.917266,-3.274617,-3.7934008,s3_STS,-18.739280868,13.531103817000002,12.724367188999999,-5.355880888,-8.315072896999999
372,-15.052028,13.733632,14.965157,-4.190414,-5.283957,s3_STS,-25.520869018,22.140673008,20.605845276,-5.924534415,-11.011743552999999
373,-16.458347,13.497025,14.748148,-3.111347,-4.4457555,s3_STS,-29.102260803999997,26.029696142,24.866605572999998,-6.951977552,-11.505989405
374,-16.809702,13.44455,15.017737,-3.4403808,-4.735781,s3_STS,-28.353732266,27.611099544,27.213327006999997,-7.810227563000001,-11.977248862
375,-14.366761,13.124654,14.929608,-3.1160588,-4.3680754,s3_STS,-25.07625536,27.499104194999994,27.136900211,-7.80943623,-12.076892457000001
376,-8.11448,14.473309,16.07665,-3.1163154,-5.115907,s3_STS,-20.270630269,25.506389792,26.063916845,-7.355303683,-11.510483549
377,-5.2030754,15.697443,16.972368,-2.8885417,-5.2852077,s3_STS,-16.872709393,23.445525394999997,23.363900553999997,-7.043698008,-10.656006271999999
378,-5.945365,16.055573,17.458801,-2.8564646,-5.3637376,s3_STS,-15.952042957999998,23.446403137000004,22.785951551,-7.410654000000001,-10.824334335
379,-4.8632364,14.22914,15.676715,-3.0492017,-5.251376,s3_STS,-19.514061525,24.369643488,24.479363972999998,-8.324501731000002,-11.432945074
380,-9.909356,13.814641,15.358157,-3.0002003,-4.673543,s3_STS,-24.381823127,26.229576423999998,26.524825584000002,-8.056916179000002,-11.376484053999999
381,-15.675471,15.069187,16.71717,-3.0033693,-4.8202333,s3_STS,-27.513349962,26.43613439,26.581193704000004,-6.041602998,-10.233445634999999
382,-16.320742,15.363832,16.865984,-3.5882385,-5.865131,s3_STS,-26.777506517,22.943645173,23.537280873,-5.249169411,-9.70823868
383,-10.506567,10.06484,11.389868,-3.596027,-4.93328,s3_STS,-20.983111409,16.590299140000003,16.767424922,-4.561251847,-9.545298175
384,-7.6187134,4.943481,6.7232575,-2.8880088,-3.8478534,s3_STS,-14.778194898,7.38492468,6.045461686,-3.1607026670000002,-7.940175253
385,-6.630667,5.008568,7.019261,-2.4262357,-4.5652046,s3_STS,-9.331743211,1.490211536,0.31041082200000003,-3.628711226,-6.545754679000001
386,-6.077969,5.683868,7.5516753,-2.169364,-4.9791093,s3_STS,-6.376591639999999,1.623101457,1.381774635,-4.177820886000001,-6.250711087000001
387,-6.273765,5.349645,7.086862,-2.178771,-4.6660566,s3_STS,-7.138694678999999,1.336207408,1.2562097680000002,-4.232615922000001,-6.220231536
388,-6.1763225,4.2961755,6.0129533,-2.6687856,-4.1227374,s3_STS,-10.220970813,1.29894768,1.117617734,-4.099365445,-6.342670526
389,-9.259801,4.6058393,6.1173816,-3.4978733,-3.4652312,s3_STS,-16.345989832999997,5.04826429,4.403821784,-4.818677663,-6.223931881
390,-10.546176,8.364745,9.431454,-4.1941195,-3.8653057,s3_STS,-23.495824765000002,15.093989398,13.968278291999999,-6.4606801140000005,-8.130098711999999
391,-15.993161,12.534881,13.7306385,-4.103987,-4.8964753,s3_STS,-29.413596931,24.627490254999998,22.685524777999994,-6.603573285,-11.255700317
392,-17.499514,15.590844,17.279493,-3.8945231,-6.013702,s3_STS,-31.654296517,29.389425518000003,28.042493694,-7.9859078839999995,-12.317175431
393,-15.992827,15.924526,17.924667,-3.9241512,-5.9320474,s3_STS,-29.997538071,32.03247424999999,30.853999119999997,-8.935695810000002,-13.500978561
394,-15.84136,14.996697,17.636621,-5.0062327,-7.186801,s3_STS,-26.675364275,32.40506979199999,31.446552280000002,-9.671971867,-13.802059177
395,-14.1208105,15.120254,17.81289,-5.2301955,-7.110199,s3_STS,-26.325710041,31.245238581000002,30.365429813,-9.131915897999999,-13.54509994
396,-14.136985,13.788322,16.329197,-4.452383,-6.2739472,s3_STS,-26.324997493,31.529795767000003,30.363092236,-8.410518756,-13.130185269
397,-14.927304,13.725798,16.219528,-4.1858478,-5.9786773,s3_STS,-27.070309755999993,32.123869332999995,30.997641692000002,-8.110240431,-12.33771816
398,-16.868963,16.327904,18.653723,-4.4467883,-6.5273747,s3_STS,-30.056548869,31.757434226000004,30.525544175,-7.857279269999999,-11.642165561
399,-19.986635,15.838751,17.899073,-4.495767,-7.0076914,s3_STS,-33.072316233,27.985177654,26.278797589,-5.969514264,-10.277468238
400,-16.152336,12.132296,13.396755,-4.338128,-5.2439675,s3_STS,-30.88025222,22.191048520000002,20.795172378,-6.135493402,-9.619220254
401,-11.24465,7.990367,9.181673,-4.375183,-4.2482467,s3_STS,-24.165555274999996,15.387690407,13.844767425999999,-5.3122912939999996,-9.111819521
402,-9.8038025,5.081627,6.4572687,-3.693223,-3.5116866,s3_STS,-17.166833578000002,7.792593282,6.082011679999999,-5.071757831000001,-6.845156343000001
403,-9.036481,3.8802736,5.587449,-3.3969426,-3.9818547,s3_STS,-10.130347212,3.520313206,1.7613370979999998,-4.909595805,-5.532834992
404,-6.9331007,3.921475,5.5074196,-3.2772799,-3.9432347,s3_STS,-4.1855358879999995,5.2434352969999996,4.947314322,-5.361544001,-5.54562404
405,-7.002719,4.229018,5.860785,-3.3701024,-3.9071581,s3_STS,-2.099734044,5.8467906439999995,5.739108977000001,-5.098035328,-5.777864166
406,-7.084841,4.048892,5.7203097,-3.3595536,-3.82626,s3_STS,-3.238750596,5.2768359689999995,5.334504828,-4.8718707000000006,-5.899186329
407,-8.447249,4.328572,5.9578567,-3.4892035,-3.7976089,s3_STS,-5.864542988,4.141021698,3.8576018669999996,-4.694815719999999,-5.853062542
408,-9.773352,4.632687,6.229333,-3.4897258,-3.713323,s3_STS,-11.416798081,3.653179823,1.8176665799999998,-4.528279681,-5.418947176
409,-10.512053,5.937784,7.2355204,-3.8733373,-3.5105898,s3_STS,-18.939340468999998,6.532235373000001,4.2554171610000004,-4.561208252,-5.52404649
410,-15.568733,9.973421,11.421311,-5.273264,-6.153601,s3_STS,-26.00007147,14.055124802,10.409325515,-4.669982822,-7.562429386
411,-19.238163,12.527137,14.327079,-4.877476,-6.866275,s3_STS,-29.461566674000004,20.713250058,18.495438414,-6.986480380000001,-8.898602465
412,-19.861307,14.5299225,16.473957,-4.3857794,-6.337807,s3_STS,-29.074853182000005,25.659732002,24.066504468,-7.733963826999999,-10.285607869
413,-17.157293,14.811868,16.802351,-4.424271,-6.217336,s3_STS,-26.008300292,27.519355342,25.879107450000003,-8.006888481,-10.847574599999998
414,-14.269191,15.241246,17.210367,-4.5017514,-6.731223,s3_STS,-21.510659928,26.420985579,25.042471709999997,-7.223771423,-10.826460122
415,-12.264264,15.560007,17.345943,-3.9281192,-6.0672655,s3_STS,-18.460846505,24.067149063,23.001966561,-6.8545921739999995,-10.051024665
416,-10.103936,17.143444,18.824585,-3.247077,-5.7376437,s3_STS,-15.010243235999999,23.878902454,22.433960902,-7.130415146,-9.850400429
417,-7.9323378,16.997345,18.538944,-3.2312536,-5.868653,s3_STS,-13.912339229999997,23.62200324,22.738971522,-7.611619415999999,-10.210654749
418,-8.496645,15.955582,17.670744,-3.416644,-5.7599463,s3_STS,-15.511556308000001,23.973235015,23.56144927,-8.338559327999999,-10.684884978000001
419,-11.8286495,15.513955,17.254725,-3.7652214,-5.6689057,s3_STS,-19.841041762,25.251837481000003,24.911149182000003,-8.417933767,-10.163519778000001
420,-16.478249,14.814641,16.350904,-3.5198917,-5.0736537,s3_STS,-24.104662753,26.794074211999998,25.757258686,-7.329076990999999,-8.382305852
421,-16.43297,12.248712,13.578472,-3.2815814,-4.1232247,s3_STS,-27.1216969,25.851264945000004,24.088284812,-5.953964311,-6.815393600999999
422,-14.253679,11.820254,12.779346,-4.0962877,-4.674842,s3_STS,-25.429915727,22.114363298,20.396380903,-5.238073565,-7.205436934
423,-8.220911,7.4564013,8.43376,-3.5828824,-3.571448,s3_STS,-19.598093081000002,16.251982365,14.029109798999997,-5.168030902,-7.291266072000001
424,-6.731613,4.821883,6.491324,-2.9604766,-3.6374812,s3_STS,-11.828435930999998,8.37581898,6.401088184999999,-5.085842166,-5.89979036
425,-5.7254004,4.533057,6.4410925,-2.2702396,-4.2782874,s3_STS,-4.291389843,3.1114584469999995,1.424776321,-4.826647181,-5.349565452
426,-5.3306894,5.1224837,7.2139297,-2.3472142,-4.806296,s3_STS,1.480436986,4.555930509,3.394147995,-4.756825298,-5.768677874
427,-5.62988,6.149879,8.14504,-1.9865234,-4.936834,s3_STS,2.843645405,4.137346515999999,3.2070350340000005,-4.407930845,-5.940135651
428,-5.1789966,5.5135055,7.4454083,-2.142959,-4.619642,s3_STS,0.5710259499999999,3.3261541649999997,2.7998967180000003,-4.492860451,-5.894492850000001
429,-5.459155,4.482528,6.391255,-2.331008,-4.3368554,s3_STS,-2.8809703119999996,2.149473939,1.311883609,-4.773799928,-5.498692609000001
430,-6.0015173,3.7625422,5.4712863,-2.8690786,-3.5469239,s3_STS,-8.870383563,2.18566415,0.8211103989999999,-5.2351329479999995,-4.907780416
431,-9.665607,6.306932,7.5527024,-3.7093916,-3.4600153,s3_STS,-16.589577628999997,8.783853238999999,6.362973065,-5.519829097000001,-6.111642258000001
432,-14.831325,12.82823,14.008186,-4.687232,-5.636775,s3_STS,-22.693048590999997,19.679002702,16.668067392,-5.403083054,-9.995225775
433,-15.407229,14.353851,15.670595,-3.6357574,-5.609827,s3_STS,-26.284121493999997,25.741739896000002,23.288046248,-6.132013271,-11.849521798000001
434,-15.860108,14.919345,16.447378,-3.7217422,-5.4475846,s3_STS,-26.076386032,28.079957211,25.883340819,-7.115595545000001,-11.994494339
435,-15.075235,13.348513,14.970052,-3.5034006,-4.7197695,s3_STS,-23.046642053,27.679659248999997,25.419118637000004,-7.283600318,-11.57272135
436,-9.35319,15.747377,17.33386,-4.1214294,-5.977948,s3_STS,-18.662347293,25.574970607999997,23.295267119000002,-6.979391000999999,-11.263503369999999
437,-10.912551,17.095358,18.799492,-3.0061712,-5.79221,s3_STS,-13.927227472000002,23.783916338,21.888572852,-7.058495349999999,-11.124154426
438,-10.723167,17.510525,19.241919,-2.9067473,-6.174807,s3_STS,-10.264615523,22.877288595,20.990674160999998,-6.7684662520000005,-11.340734943
439,-7.411391,17.226568,18.44607,-2.7488737,-5.9798727,s3_STS,-9.696908281,22.685981218000002,20.929215316,-7.131092946999999,-12.078663964
440,-6.423561,16.979465,18.257582,-3.360704,-6.5744677,s3_STS,-11.995196862,23.152732806,21.508735811,-7.460359132000001,-12.301341745
441,-6.0808992,16.301292,17.537004,-3.1126902,-5.5623565,s3_STS,-17.851747640000003,24.830614264,23.301153828,-7.984143023,-11.119105057
442,-10.177683,16.064491,17.34663,-3.2214544,-5.268956,s3_STS,-23.623229068,27.167586507,25.535485084,-7.976779339000001,-9.630101672
443,-17.44436,17.042671,18.449202,-3.0476215,-5.2247767,s3_STS,-26.415284875999998,27.643844275,25.681914864,-6.689050216000001,-7.603969881
444,-14.2913885,15.014118,16.008642,-3.7922065,-5.175042,s3_STS,-24.215550371999996,24.018181265,22.042953027000003,-6.594580895999999,-7.4106292279999995
445,-7.6180143,7.775109,8.896282,-3.1086197,-3.6383421,s3_STS,-17.979584575,16.146768963,13.518804714999998,-5.412706645000001,-7.6034505690000005
446,-5.3135557,6.019946,8.02239,-2.177676,-4.304751,s3_STS,-10.855913534,6.926975769,4.887296706,-4.275236205000001,-6.307250438
447,-5.414376,5.3424563,7.5484176,-2.053917,-4.5264106,s3_STS,-4.5423778420000005,3.9042743680000003,2.189019352,-4.103858264,-6.108154829
448,-5.7291837,5.514786,7.662518,-2.529939,-4.3345585,s3_STS,2.315256943,5.32787318,5.193160187,-4.938091695,-5.690961906
449,-5.665619,5.524809,7.474738,-2.7075505,-4.022248,s3_STS,5.506471494,5.8547293400000004,5.0701168679999995,-4.661718305999999,-5.9378197980000005
450,-5.859703,5.330804,7.244123,-2.8278446,-4.0739307,s3_STS,4.5750161259999995,6.149373715,5.650325752,-4.361968322,-6.2856892150000006
451,-6.283102,5.2535334,7.1689095,-2.8178453,-4.2075887,s3_STS,3.058049859,5.111037543999999,4.748792126,-4.331195847,-6.147182375000001
452,-5.537844,4.521107,6.4024544,-2.7268486,-4.1439633,s3_STS,0.665423361,4.151789439,2.994379057,-4.238804653,-5.9865307020000005
453,-7.051424,4.002709,5.695838,-3.1411657,-3.532624,s3_STS,-5.493268921,3.7484252509999996,1.229521914,-3.541691181,-6.3592085460000005
454,-9.042002,5.647984,6.984218,-3.5315168,-3.2839096,s3_STS,-14.336462877999997,8.243066325,4.738583092000001,-3.265456657,-7.319685283000001
455,-10.866641,9.169427,10.071501,-4.2329707,-4.006357,s3_STS,-21.553264083000002,17.246929404000003,14.112639437999997,-5.031731343,-8.795541504
456,-15.092973,12.462583,13.534929,-4.156314,-5.000753,s3_STS,-26.386335468000006,23.485575457,20.526026644,-6.041242063,-9.678754012
457,-15.457475,13.733388,15.112702,-4.3029094,-6.45266,s3_STS,-28.186575623,26.631812774999997,24.307034729999998,-7.266377686999999,-9.559632434
458,-15.758764,13.9587,15.488018,-4.0046334,-5.932024,s3_STS,-26.457884078999996,28.149121806,25.836512632,-7.465736576,-10.490526309999998
459,-15.169778,14.9247675,16.507896,-3.9304223,-5.696465,s3_STS,-23.779385756,27.462143396,25.408629293,-7.3973202979999995,-10.552097452
460,-10.918162,16.795168,18.227945,-4.32614,-6.726334,s3_STS,-19.39689715,25.407947474000004,23.799413179,-6.974422154,-10.358146432999998
461,-8.45927,16.946587,18.1387,-3.4017813,-6.499083,s3_STS,-13.620921982000002,23.724701604,21.920585893,-6.770950777,-10.258620492
462,-2.9308217,17.437462,18.102163,-3.183687,-7.197881,s3_STS,-6.870731233999999,22.615543966,20.887731510000002,-7.210827500000001,-10.734887481
463,6.944126,15.703383,15.963066,-2.8733103,-6.6236577,s3_STS,-1.227157252,21.713548911,19.767700310000002,-7.411894235000001,-11.50648165
464,11.277213,14.400452,14.702243,-3.12132,-6.237348,s3_STS,2.9302681139999995,20.402674483,18.37579393,-7.3530160460000005,-11.282400937000002
465,11.582467,13.945063,14.573306,-3.2425916,-6.02677,s3_STS,6.011963585,19.666195996999996,17.116135283,-6.93275261,-10.632775253
